Datetime,Water Level (m)
2026-04-27 06:00:00,0.27630964
2026-04-27 07:00:00,0.2627
2026-04-27 08:00:00,0.3419884
2026-04-27 09:00:00,0.46936864
2026-04-27 10:00:00,0.5535014
2026-04-27 11:00:00,0.60257816
2026-04-27 12:00:00,0.6545228
2026-04-27 13:00:00,0.678176
2026-04-27 14:00:00,0.6472849
2026-04-27 15:00:00,0.6389949
2026-04-27 16:00:00,0.60051405
2026-04-27 17:00:00,0.5452803
2026-04-27 18:00:00,0.5000579
2026-04-27 19:00:00,0.46984285
2026-04-27 20:00:00,0.49083567
2026-04-27 21:00:00,0.6021312
2026-04-27 22:00:00,0.7206347
2026-04-27 23:00:00,0.7823069
2026-04-28 00:00:00,0.8221647
2026-04-28 01:00:00,0.8385942
2026-04-28 02:00:00,0.7939063
2026-04-28 03:00:00,0.74762785
2026-04-28 04:00:00,0.709313
2026-04-28 05:00:00,0.66559297
2026-04-28 06:00:00,0.6198826
2026-04-28 07:00:00,0.5805611
2026-04-28 08:00:00,0.5763746
2026-04-28 09:00:00,0.66131914
2026-04-28 10:00:00,0.79028225
2026-04-28 11:00:00,0.87146384
2026-04-28 12:00:00,0.9276627
2026-04-28 13:00:00,0.9888885
2026-04-28 14:00:00,0.9872621
2026-04-28 15:00:00,0.9298365
2026-04-28 16:00:00,0.88624173
2026-04-28 17:00:00,0.84443307
2026-04-28 18:00:00,0.7862789
2026-04-28 19:00:00,0.7303852
2026-04-28 20:00:00,0.6938618
2026-04-28 21:00:00,0.70662373
2026-04-28 22:00:00,0.7989537
2026-04-28 23:00:00,0.90955853
2026-04-29 00:00:00,0.9585194
2026-04-29 01:00:00,0.95126843
2026-04-29 02:00:00,0.91274744
2026-04-29 03:00:00,0.8775136
2026-04-29 04:00:00,0.84133077
2026-04-29 05:00:00,0.78989637
2026-04-29 06:00:00,0.7376091
2026-04-29 07:00:00,0.6898733
2026-04-29 08:00:00,0.65094954
2026-04-29 09:00:00,0.66182566
2026-04-29 10:00:00,0.7725258
2026-04-29 11:00:00,0.90571505
2026-04-29 12:00:00,0.9779798
2026-04-29 13:00:00,1.01499
2026-04-29 14:00:00,1.0283024
2026-04-29 15:00:00,0.99982756
2026-04-29 16:00:00,0.96409243
2026-04-29 17:00:00,0.9261301
2026-04-29 18:00:00,0.8710612
2026-04-29 19:00:00,0.80687624
2026-04-29 20:00:00,0.7506112
2026-04-29 21:00:00,0.72074807
2026-04-29 22:00:00,0.75976914
2026-04-29 23:00:00,0.86967283
2026-04-30 00:00:00,0.9706936
2026-04-30 01:00:00,1.004578
2026-04-30 02:00:00,0.9784509
2026-04-30 03:00:00,0.9308493
2026-04-30 04:00:00,0.8994883
2026-04-30 05:00:00,0.8633426
2026-04-30 06:00:00,0.81098133
2026-04-30 07:00:00,0.7568746
2026-04-30 08:00:00,0.7080025
2026-04-30 09:00:00,0.6822208
2026-04-30 10:00:00,0.73986465
2026-04-30 11:00:00,0.8753772
2026-04-30 12:00:00,0.9947477
2026-04-30 13:00:00,1.0492756
2026-04-30 14:00:00,1.0832506
2026-04-30 15:00:00,1.0804522
2026-04-30 16:00:00,1.0175225
2026-04-30 17:00:00,0.97183114
2026-04-30 18:00:00,0.9262673
2026-04-30 19:00:00,0.86453706
2026-04-30 20:00:00,0.8062772
2026-04-30 21:00:00,0.7595299
2026-04-30 22:00:00,0.74809796
2026-04-30 23:00:00,0.81559587
2026-05-01 00:00:00,0.92638797
2026-05-01 01:00:00,0.99213386
2026-05-01 02:00:00,0.98825645
2026-05-01 03:00:00,0.9355207
2026-05-01 04:00:00,0.89894193
2026-05-01 05:00:00,0.86804825
2026-05-01 06:00:00,0.82040995
2026-05-01 07:00:00,0.76870215
2026-05-01 08:00:00,0.7189944
2026-05-01 09:00:00,0.67871964
2026-05-01 10:00:00,0.6824106
2026-05-01 11:00:00,0.7808578
2026-05-01 12:00:00,0.9276344
2026-05-01 13:00:00,1.0295795
2026-05-01 14:00:00,1.0554578
2026-05-01 15:00:00,1.0798006
2026-05-01 16:00:00,1.0583946
2026-05-01 17:00:00,0.9969091
2026-05-01 18:00:00,0.9573575
2026-05-01 19:00:00,0.9119199
2026-05-01 20:00:00,0.8518185
2026-05-01 21:00:00,0.7938211
2026-05-01 22:00:00,0.7579929
2026-05-01 23:00:00,0.7773456
2026-05-02 00:00:00,0.8631398
2026-05-02 01:00:00,0.9526345
2026-05-02 02:00:00,0.9763311
2026-05-02 03:00:00,0.93527967
2026-05-02 04:00:00,0.8935243
2026-05-02 05:00:00,0.8647605
2026-05-02 06:00:00,0.824472
2026-05-02 07:00:00,0.774761
2026-05-02 08:00:00,0.72588843
2026-05-02 09:00:00,0.68185383
2026-05-02 10:00:00,0.65152514
2026-05-02 11:00:00,0.6958994
2026-05-02 12:00:00,0.83439237
2026-05-02 13:00:00,0.9608191
2026-05-02 14:00:00,1.0152069
2026-05-02 15:00:00,1.056476
2026-05-02 16:00:00,1.0545808
2026-05-02 17:00:00,1.0044732
2026-05-02 18:00:00,0.9626728
2026-05-02 19:00:00,0.9178712
2026-05-02 20:00:00,0.86233485
2026-05-02 21:00:00,0.80621725
2026-05-02 22:00:00,0.7597496
2026-05-02 23:00:00,0.74750686
2026-05-03 00:00:00,0.80716205
2026-05-03 01:00:00,0.913766
2026-05-03 02:00:00,0.9858294
2026-05-03 03:00:00,0.98906857
2026-05-03 04:00:00,0.9469529
2026-05-03 05:00:00,0.91286373
2026-05-03 06:00:00,0.8824233
